{
  "items": [
    {
      "id": "1",
      "title": "Curtain",
      "description": "Stylish and high-quality",
      "price": 60,
      "category": "curtain",
      "material": "fabric",
      "color": "white",
      "image": "/img/curtain_1.jpg"
    },
    {
      "id": "2",
      "title": "Curtain",
      "description": "Stylish and high-quality",
      "price": 60,
      "category": "curtain",
      "material": "fabric",
      "color": "white",
      "image": "/img/curtain_2.jpg"
    },
    {
      "id": "3",
      "title": "Curtain",
      "description": "Stylish and high-quality",
      "price": 60,
      "category": "curtain",
      "material": "fabric",
      "color": "white",
      "image": "/img/curtain_3.jpg"
    },
    {
      "id": "4",
      "title": "Curtain",
      "description": "Stylish and high-quality",
      "price": 60,
      "category": "curtain",
      "material": "fabric",
      "color": "white",
      "image": "/img/curtain_4.jpg"
    },
    {
      "id": "5",
      "title": "Curtain",
      "description": "Stylish and high-quality",
      "price": 60,
      "category": "curtain",
      "material": "fabric",
      "color": "white",
      "image": "/img/curtain_5.jpg"
    },
    {
      "id": "6",
      "title": "Curtain",
      "description": "Stylish and high-quality",
      "price": 60,
      "category": "curtain",
      "material": "fabric",
      "color": "white",
      "image": "/img/curtain_6.jpg"
    },
    {
      "id": "7",
      "title": "Curtain",
      "description": "Stylish and high-quality",
      "price": 60,
      "category": "curtain",
      "material": "fabric",
      "color": "white",
      "image": "/img/curtain_7.jpg"
    },
    {
      "id": "8",
      "title": "Curtain",
      "description": "Stylish and high-quality",
      "price": 60,
      "category": "curtain",
      "material": "fabric",
      "color": "white",
      "image": "/img/curtain_8.jpg"
    },
    {
      "id": "9",
      "title": "Curtain",
      "description": "Stylish and high-quality",
      "price": 60,
      "category": "curtain",
      "material": "fabric",
      "color": "white",
      "image": "/img/curtain_9.jpg"
    },
    {
      "id": "10",
      "title": "Curtain",
      "description": "Stylish and high-quality",
      "price": 60,
      "category": "curtain",
      "material": "fabric",
      "color": "white",
      "image": "/img/curtain_10.jpg"
    },
    {
      "id": "11",
      "title": "Mirror",
      "description": "Stylish and high-quality",
      "price": 60,
      "category": "mirror",
      "material": "fabric",
      "color": "white",
      "image": "/img/mirror_1.jpg"
    },
    {
      "id": "12",
      "title": "Mirror",
      "description": "Stylish and high-quality",
      "price": 60,
      "category": "mirror",
      "material": "fabric",
      "color": "white",
      "image": "/img/mirror_2.jpg"
    },
    {
      "id": "13",
      "title": "Mirror",
      "description": "Stylish and high-quality",
      "price": 60,
      "category": "mirror",
      "material": "fabric",
      "color": "white",
      "image": "/img/mirror_3.jpg"
    },
    {
      "id": "14",
      "title": "Mirror",
      "description": "Stylish and high-quality",
      "price": 60,
      "category": "mirror",
      "material": "fabric",
      "color": "white",
      "image": "/img/mirror_4.jpg"
    },
    {
      "id": "15",
      "title": "Mirror",
      "description": "Stylish and high-quality",
      "price": 60,
      "category": "mirror",
      "material": "fabric",
      "color": "white",
      "image": "/img/mirror_5.jpg"
    },
    {
      "id": "16",
      "title": "Mirror",
      "description": "Stylish and high-quality",
      "price": 60,
      "category": "mirror",
      "material": "fabric",
      "color": "white",
      "image": "/img/mirror_6.jpg"
    },
    {
      "id": "17",
      "title": "Mirror",
      "description": "Stylish and high-quality",
      "price": 60,
      "category": "mirror",
      "material": "fabric",
      "color": "white",
      "image": "/img/mirror_7.jpg"
    },
    {
      "id": "18",
      "title": "Mirror",
      "description": "Stylish and high-quality",
      "price": 60,
      "category": "mirror",
      "material": "fabric",
      "color": "white",
      "image": "/img/mirror_8.jpg"
    },
    {
      "id": "19",
      "title": "Mirror",
      "description": "Stylish and high-quality",
      "price": 60,
      "category": "mirror",
      "material": "fabric",
      "color": "white",
      "image": "/img/mirror_9.jpg"
    },
    {
      "id": "20",
      "title": "Mirror",
      "description": "Stylish and high-quality",
      "price": 60,
      "category": "mirror",
      "material": "fabric",
      "color": "white",
      "image": "/img/mirror_10.jpg"
    },
    {
      "id": "21",
      "title": "Plant",
      "description": "Stylish and high-quality",
      "price": 60,
      "category": "plant",
      "material": "fabric",
      "color": "white",
      "image": "/img/plant_1.jpg"
    },
    {
      "id": "22",
      "title": "Plant",
      "description": "Stylish and high-quality",
      "price": 60,
      "category": "plant",
      "material": "fabric",
      "color": "white",
      "image": "/img/plant_2.jpg"
    },
    {
      "id": "23",
      "title": "Plant",
      "description": "Stylish and high-quality",
      "price": 60,
      "category": "plant",
      "material": "fabric",
      "color": "white",
      "image": "/img/plant_3.jpg"
    },
    {
      "id": "24",
      "title": "Rug",
      "description": "Stylish and high-quality",
      "price": 60,
      "category": "rug",
      "material": "fabric",
      "color": "white",
      "image": "/img/rug_4.jpg"
    },
    {
      "id": "25",
      "title": "Rug",
      "description": "Stylish and high-quality",
      "price": 60,
      "category": "rug",
      "material": "fabric",
      "color": "white",
      "image": "/img/rug_5.jpg"
    },
    {
      "id": "26",
      "title": "Rug",
      "description": "Stylish and high-quality",
      "price": 60,
      "category": "rug",
      "material": "fabric",
      "color": "white",
      "image": "/img/rug_6.jpg"
    },
    {
      "id": "27",
      "title": "Rug",
      "description": "Stylish and high-quality",
      "price": 60,
      "category": "rug",
      "material": "fabric",
      "color": "white",
      "image": "/img/rug_7.jpg"
    },
    {
      "id": "28",
      "title": "Rug",
      "description": "Stylish and high-quality",
      "price": 60,
      "category": "rug",
      "material": "fabric",
      "color": "white",
      "image": "/img/rug_8.jpg"
    },
    {
      "id": "29",
      "title": "Rug",
      "description": "Stylish and high-quality",
      "price": 60,
      "category": "rug",
      "material": "fabric",
      "color": "white",
      "image": "/img/rug_9.jpg"
    },
    {
      "id": "30",
      "title": "Rug",
      "description": "Stylish and high-quality",
      "price": 60,
      "category": "rug",
      "material": "fabric",
      "color": "white",
      "image": "/img/rug_10.jpg"
    },
    {
      "id": "31",
      "title": "Rug",
      "description": "Stylish and high-quality",
      "price": 60,
      "category": "rug",
      "material": "fabric",
      "color": "white",
      "image": "/img/rug_1.jpg"
    },
    {
      "id": "32",
      "title": "Rug",
      "description": "Stylish and high-quality",
      "price": 60,
      "category": "rug",
      "material": "fabric",
      "color": "white",
      "image": "/img/rug_2.jpg"
    },
    {
      "id": "33",
      "title": "Rug",
      "description": "Stylish and high-quality",
      "price": 60,
      "category": "rug",
      "material": "fabric",
      "color": "white",
      "image": "/img/rug_3.jpg"
    },
    {
      "id": "34",
      "title": "Sofa",
      "description": "Stylish and high-quality",
      "price": 60,
      "category": "sofa",
      "material": "fabric",
      "color": "white",
      "image": "/img/sofa_4.jpg"
    },
    {
      "id": "35",
      "title": "Sofa",
      "description": "Stylish and high-quality",
      "price": 60,
      "category": "sofa",
      "material": "fabric",
      "color": "white",
      "image": "/img/sofa_5.jpg"
    },
    {
      "id": "36",
      "title": "Sofa",
      "description": "Stylish and high-quality",
      "price": 60,
      "category": "sofa",
      "material": "fabric",
      "color": "white",
      "image": "/img/sofa_6.jpg"
    },
    {
      "id": "37",
      "title": "Sofa",
      "description": "Stylish and high-quality",
      "price": 60,
      "category": "sofa",
      "material": "fabric",
      "color": "white",
      "image": "/img/sofa_7.jpg"
    },
    {
      "id": "38",
      "title": "Sofa",
      "description": "Stylish and high-quality",
      "price": 60,
      "category": "sofa",
      "material": "fabric",
      "color": "white",
      "image": "/img/sofa_8.jpg"
    },
    {
      "id": "39",
      "title": "Sofa",
      "description": "Stylish and high-quality",
      "price": 60,
      "category": "sofa",
      "material": "fabric",
      "color": "white",
      "image": "/img/sofa_9.jpg"
    },
    {
      "id": "40",
      "title": "Sofa",
      "description": "Stylish and high-quality",
      "price": 60,
      "category": "sofa",
      "material": "fabric",
      "color": "white",
      "image": "/img/sofa_10.jpg"
    },
    {
      "id": "41",
      "title": "Sofa",
      "description": "Stylish and high-quality",
      "price": 60,
      "category": "sofa",
      "material": "fabric",
      "color": "white",
      "image": "/img/sofa_1.jpg"
    },
    {
      "id": "42",
      "title": "Sofa",
      "description": "Stylish and high-quality",
      "price": 60,
      "category": "sofa",
      "material": "fabric",
      "color": "white",
      "image": "/img/sofa_2.jpg"
    },
    {
      "id": "43",
      "title": "Sofa",
      "description": "Stylish and high-quality",
      "price": 60,
      "category": "sofa",
      "material": "fabric",
      "color": "white",
      "image": "/img/sofa_3.jpg"
    },
    {
      "id": "44",
      "title": "Table",
      "description": "Stylish and high-quality",
      "price": 60,
      "category": "table",
      "material": "wood",
      "color": "white",
      "image": "/img/table_4.jpg"
    },
    {
      "id": "45",
      "title": "Table",
      "description": "Stylish and high-quality",
      "price": 60,
      "category": "table",
      "material": "wood",
      "color": "white",
      "image": "/img/table_5.jpg"
    },
    {
      "id": "46",
      "title": "Table",
      "description": "Stylish and high-quality",
      "price": 60,
      "category": "table",
      "material": "wood",
      "color": "white",
      "image": "/img/table_6.jpg"
    },
    {
      "id": "47",
      "title": "Table",
      "description": "Stylish and high-quality",
      "price": 60,
      "category": "table",
      "material": "wood",
      "color": "white",
      "image": "/img/table_7.jpg"
    },
    {
      "id": "48",
      "title": "Table",
      "description": "Stylish and high-quality",
      "price": 60,
      "category": "table",
      "material": "wood",
      "color": "white",
      "image": "/img/table_8.jpg"
    },
    {
      "id": "49",
      "title": "Table",
      "description": "Stylish and high-quality",
      "price": 60,
      "category": "table",
      "material": "wood",
      "color": "white",
      "image": "/img/table_9.jpg"
    },
    {
      "id": "50",
      "title": "Table",
      "description": "Stylish and high-quality",
      "price": 60,
      "category": "table",
      "material": "wood",
      "color": "white",
      "image": "/img/table_10.jpg"
    },
    {
      "id": "51",
      "title": "Table",
      "description": "Stylish and high-quality",
      "price": 60,
      "category": "table",
      "material": "wood",
      "color": "white",
      "image": "/img/table_1.jpg"
    },
    {
      "id": "52",
      "title": "Table",
      "description": "Stylish and high-quality",
      "price": 60,
      "category": "table",
      "material": "wood",
      "color": "white",
      "image": "/img/table_2.jpg"
    },
    {
      "id": "53",
      "title": "Table",
      "description": "Stylish and high-quality",
      "price": 60,
      "category": "table",
      "material": "wood",
      "color": "white",
      "image": "/img/table_3.jpg"
    },
    {
      "id": "54",
      "title": "Tvstand",
      "description": "Stylish and high-quality",
      "price": 60,
      "category": "tvstand",
      "material": "wood",
      "color": "black",
      "image": "/img/tvstand_4.jpg"
    },
    {
      "id": "55",
      "title": "Tvstand",
      "description": "Stylish and high-quality",
      "price": 60,
      "category": "tvstand",
      "material": "wood",
      "color": "black",
      "image": "/img/tvstand_5.jpg"
    },
    {
      "id": "56",
      "title": "Tvstand",
      "description": "Stylish and high-quality",
      "price": 60,
      "category": "tvstand",
      "material": "wood",
      "color": "black",
      "image": "/img/tvstand_6.jpg"
    },
    {
      "id": "57",
      "title": "Tvstand",
      "description": "Stylish and high-quality",
      "price": 60,
      "category": "tvstand",
      "material": "wood",
      "color": "black",
      "image": "/img/tvstand_7.jpg"
    },
    {
      "id": "58",
      "title": "Tvstand",
      "description": "Stylish and high-quality",
      "price": 60,
      "category": "tvstand",
      "material": "wood",
      "color": "black",
      "image": "/img/tvstand_8.jpg"
    },
    {
      "id": "59",
      "title": "Chair",
      "description": "Stylish and high-quality",
      "price": 60,
      "category": "chair",
      "material": "fabric",
      "color": "white",
      "image": "/img/chair_9.jpg"
    },
    {
      "id": "60",
      "title": "Chair",
      "description": "Stylish and high-quality",
      "price": 60,
      "category": "chair",
      "material": "fabric",
      "color": "white",
      "image": "/img/chair_10.jpg"
    },
    {
      "id": "61",
      "title": "Chair",
      "description": "Stylish and high-quality",
      "price": 60,
      "category": "chair",
      "material": "fabric",
      "color": "white",
      "image": "/img/chair_1.jpg"
    },
    {
      "id": "62",
      "title": "Chair",
      "description": "Stylish and high-quality",
      "price": 60,
      "category": "chair",
      "material": "fabric",
      "color": "white",
      "image": "/img/chair_2.jpg"
    },
    {
      "id": "63",
      "title": "Chair",
      "description": "Stylish and high-quality",
      "price": 60,
      "category": "chair",
      "material": "fabric",
      "color": "white",
      "image": "/img/chair_3.jpg"
    },
    {
      "id": "64",
      "title": "Chair",
      "description": "Stylish and high-quality",
      "price": 60,
      "category": "chair",
      "material": "fabric",
      "color": "white",
      "image": "/img/chair_4.jpg"
    },
    {
      "id": "65",
      "title": "Chair",
      "description": "Stylish and high-quality",
      "price": 60,
      "category": "chair",
      "material": "fabric",
      "color": "white",
      "image": "/img/chair_5.jpg"
    },
    {
      "id": "66",
      "title": "Chair",
      "description": "Stylish and high-quality",
      "price": 60,
      "category": "chair",
      "material": "fabric",
      "color": "white",
      "image": "/img/chair_6.jpg"
    },
    {
      "id": "67",
      "title": "Chair",
      "description": "Stylish and high-quality",
      "price": 60,
      "category": "chair",
      "material": "fabric",
      "color": "white",
      "image": "/img/chair_7.jpg"
    },
    {
      "id": "68",
      "title": "Chair",
      "description": "Stylish and high-quality",
      "price": 60,
      "category": "chair",
      "material": "fabric",
      "color": "white",
      "image": "/img/chair_8.jpg"
    }
  ],
  "users": [
    {
      "id": "1",
      "firstName": "Honoka",
      "lastName": "Nishimura",
      "email": "honokanishimura1008@gmail.com",
      "password": "Honoka1008"
    },
    {
      "id": "e64e",
      "firstName": "Honoka",
      "lastName": "Nishimura",
      "email": "honokanishimura@gmail.com",
      "password": "Honoka1008"
    }
  ],
  "orders": [
    {
      "id": "1",
      "userId": 1,
      "date": "2025-05-01T15:00:00Z",
      "items": [
        {
          "id": 3,
          "title": "Curtain",
          "price": 60,
          "quantity": 2,
          "image": "/img/curtain_3.jpg"
        }
      ]
    },
    {
      "id": "0d8a",
      "userId": "e64e",
      "userInfo": {
        "name": "Honoka Nishimura",
        "email": "HonokaNishimura@example.com",
        "phone": "080-1234-5678",
        "country": "Japan",
        "address": "Japan",
        "cardNumber": "1234 4567 5678",
        "expiry": "12/23",
        "cvc": "007"
      },
      "date": "2025-05-02T08:27:42.724Z",
      "items": [
        {
          "id": 1,
          "title": "Curtain",
          "description": "Stylish and high-quality",
          "price": 60,
          "category": "curtain",
          "material": "fabric",
          "color": "white",
          "image": "/img/curtain_1.jpg",
          "quantity": 4,
          "addedBy": "honokanishimura@gmail.com"
        }
      ],
      "total": 240
    },
    {
      "id": "0e86",
      "userId": "e64e",
      "userInfo": {
        "name": "Honoka Nishimura",
        "email": "honoka@example.com",
        "phone": "080-1234-5678",
        "country": "Japan",
        "address": "Japan",
        "cardNumber": "1234 4567 5678",
        "expiry": "09/12",
        "cvc": "000"
      },
      "date": "2025-05-13T06:41:51.187Z",
      "items": [
        {
          "id": "1",
          "title": "Curtain",
          "description": "Stylish and high-quality",
          "price": 60,
          "category": "curtain",
          "material": "fabric",
          "color": "white",
          "image": "/img/curtain_1.jpg",
          "quantity": 1,
          "addedBy": "honokanishimura@gmail.com"
        }
      ],
      "total": 60
    }
  ]
}